Workbook

Sheet 1학기
A1: 2026학년도 1학기 학사일정
A3: 월 | B3: 주 | C3: 날짜 | D3: 수업일수 | G3: 수업시수 | J3: 행사 및 요일별 수업시수 | AE3: 창의적체험활동
D4: 1 학 년 | E4: 2 학 년 | F4: 3 학 년 | G4: 1 학 년 | H4: 2 학 년 | I4: 3 학 년 | J4: 월(6교시) | N4: 화(7교시) | R4: 수(6교시) | V4: 목(7교시) | Z4: 금(6교시) | AD4: 토요 프로 그램 | AE4: 자 율 | AI4: 동 아 리 | AJ4: 봉 사 | AK4: 진로 | AL4: 별도행사 | AM4: 비 고
J6: 날짜 | K6: 시수 | N6: 날짜 | O6: 시수 | R6: 날짜 | S6: 시수 | V6: 날짜 | W6: 시수 | Z6: 날짜 | AA6: 시수 | AE6: 적응 | AF6: 자치 | AG6: 행사 | AH6: 창특
A7: 3 | B7: 1 | C7: 2~6 | D7: =COUNT(K10,O10,S10,W10,AA10) -> 4 | E7: =COUNT(L10,P10,T10,X10,AB10) -> 4 | F7: =COUNT(M10,Q10,U10,Y10,AC10) -> 4 | G7: =SUM(O10,K10,S10,W10,AA10,) -> 26 | H7: =SUM(P10,L10,T10,X10,AB10,) -> 26 | I7: =SUM(M10,Q10,U10,Y10,AC10,) -> 26 | J7: 2 | N7: 3 | O7: 입학식 | R7: 4 | V7: 5 | Z7: 6
K8: 대체공휴일 | O8: 개학식
O9: 개학식
O10: 7 | P10: 7 | Q10: 7 | S10: 6 | T10: 6 | U10: 6 | W10: 7 | X10: 7 | Y10: 7 | AA10: 6 | AB10: 6 | AC10: 6
B11: 2 | C11: 9~13 | D11: =COUNT(K14,O14,S14,W14,AA14) -> 5 | E11: =COUNT(L14,P14,T14,X14,AB14) -> 5 | F11: =COUNT(M14,Q14,U14,Y14,AC14) -> 5 | G11: =SUM(K14,O14,S14,W14,AA14) -> 32 | H11: =SUM(L14,P14,T14,X14,AB14) -> 32 | I11: =SUM(M14,Q14,U14,Y14,AC14) -> 32 | J11: 9 | N11: 10 | R11: 11 | V11: 12 | Z11: 13
K14: 6 | L14: 6 | M14: 6 | O14: 7 | P14: 7 | Q14: 7 | S14: 6 | T14: 6 | U14: 6 | W14: 7 | X14: 7 | Y14: 7 | AA14: 6 | AB14: 6 | AC14: 6
B15: 3 | C15: 16~20 | D15: =COUNT(K18,O18,S18,W18,AA18) -> 5 | E15: =COUNT(L18,P18,T18,X18,AB18) -> 5 | F15: =COUNT(M18,Q18,U18,Y18,AC18) -> 5 | G15: =SUM(K18,O18,S18,W18,AA18) -> 32 | H15: =SUM(L18,P18,T18,X18,AB18) -> 32 | I15: =SUM(M18,Q18,U18,Y18,AC18) -> 32 | J15: 16 | N15: 17 | R15: 18 | S15: 학부모총회 | V15: 19 | Z15: 20 | AM15: *학부모총회 5분 단축수업 운영
K18: 6 | L18: 6 | M18: 6 | O18: 7 | P18: 7 | Q18: 7 | S18: 6 | T18: 6 | U18: 6 | W18: 7 | X18: 7 | Y18: 7 | AA18: 6 | AB18: 6 | AC18: 6
B19: 4 | C19: 23~27 | D19: =COUNT(K22,O22,S22,W22,AA22) -> 5 | E19: =COUNT(L22,P22,T22,X22,AB22) -> 5 | F19: =COUNT(M22,Q22,U22,Y22,AC22) -> 5 | G19: =SUM(K22,O22,S22,W22,AA22) -> 32 | H19: =SUM(L22,P22,T22,X22,AB22) -> 32 | I19: =SUM(M22,Q22,U22,Y22,AC22) -> 32 | J19: 23 | N19: 24 | O19: 전국연합학력평가 | R19: 25 | V19: 26 | Z19: 27
O20: 전국연합학력평가
O21: 전국연합학력평가
K22: 6 | L22: 6 | M22: 6 | O22: 7 | P22: 7 | Q22: 7 | S22: 6 | T22: 6 | U22: 6 | W22: 7 | X22: 7 | Y22: 7 | AA22: 6 | AB22: 6 | AC22: 6
B23: 5 | C23: 30~31 | D23: =COUNT(K26,O26,S26,W26,AA26) -> 2 | E23: =COUNT(L26,P26,T26,X26,AB26) -> 2 | F23: =COUNT(M26,Q26,U26,Y26,AC26) -> 2 | G23: =SUM(K26,O26,S26,W26,AA26) -> 13 | H23: =SUM(L26,P26,T26,X26,AB26) -> 13 | I23: =SUM(M26,Q26,U26,Y26,AC26) -> 13 | J23: 30 | N23: 31
K26: 6 | L26: 6 | M26: 6 | O26: 7 | P26: 7 | Q26: 7
A27: 4 | B27: 5 | C27: 1~3 | D27: =COUNT(K30,O30,S30,W30,AA30) -> 3 | E27: =COUNT(L30,P30,T30,X30,AB30) -> 3 | F27: =COUNT(M30,Q30,U30,Y30,AC30) -> 3 | G27: =SUM(K30,O30,S30,W30,AA30) -> 19 | H27: =SUM(L30,P30,T30,X30,AB30) -> 19 | I27: =SUM(M30,Q30,U30,Y30,AC30) -> 19 | R27: 1 | S27: 1학년 수련회 | V27: 2 | W27: 1학년 수련회 | Z27: 3 | AA27: 1학년 수련회
AA28: 2학년현장체험학습
S30: 6 | T30: 6 | U30: 6 | W30: 7 | X30: 7 | Y30: 7 | AA30: 6 | AB30: 6 | AC30: 6
B31: 6 | C31: 6~10 | D31: =COUNT(K34,O34,S34,W34,AA34) -> 5 | E31: =COUNT(L34,P34,T34,X34,AB34) -> 5 | F31: =COUNT(M34,Q34,U34,Y34,AC34) -> 5 | G31: =SUM(K34,O34,S34,W34,AA34) -> 32 | H31: =SUM(L34,P34,T34,X34,AB34) -> 32 | I31: =SUM(M34,Q34,U34,Y34,AC34) -> 32 | J31: 6 | N31: 7 | R31: 8 | V31: 9 | Z31: 10
K34: 6 | L34: 6 | M34: 6 | O34: 7 | P34: 7 | Q34: 7 | S34: 6 | T34: 6 | U34: 6 | W34: 7 | X34: 7 | Y34: 7 | AA34: 6 | AB34: 6 | AC34: 6
B35: 7 | C35: 13~17 | D35: =COUNT(K38,O38,S38,W38,AA38) -> 5 | E35: =COUNT(L38,P38,T38,X38,AB38) -> 5 | F35: =COUNT(M38,Q38,U38,Y38,AC38) -> 5 | G35: =SUM(K38,O38,S38,W38,AA38) -> 32 | H35: =SUM(L38,P38,T38,X38,AB38) -> 32 | I35: =SUM(M38,Q38,U38,Y38,AC38) -> 32 | J35: 13 | N35: 14 | R35: 15 | V35: 16 | Z35: 17
K38: 6 | L38: 6 | M38: 6 | O38: 7 | P38: 7 | Q38: 7 | S38: 6 | T38: 6 | U38: 6 | W38: 7 | X38: 7 | Y38: 7 | AA38: 6 | AB38: 6 | AC38: 6
B39: 8 | C39: 20~24 | D39: =COUNT(K42,O42,S42,W42,AA42) -> 5 | E39: =COUNT(L42,P42,T42,X42,AB42) -> 5 | F39: =COUNT(M42,Q42,U42,Y42,AC42) -> 5 | G39: =SUM(K42,O42,S42,W42,AA42) -> 23 | H39: =SUM(L42,P42,T42,X42,AB42) -> 23 | I39: =SUM(M42,Q42,U42,Y42,AC42) -> 25 | J39: 20 | N39: 21 | R39: 22 | V39: 23 | W39: 1 차 지필 | X39: 수업 | Y39: 1 차 지필 | Z39: 24 | AA39: 1 차 지필 | AB39: 수업 | AC39: 1차 지필 | AM39: 지필평가기간 시간표 운영 23일 : 7월 9일 목 5교시 24일 : 7월 9일 목 6교시
K42: 6 | L42: 6 | M42: 6 | O42: 7 | P42: 7 | Q42: 7 | S42: 6 | T42: 6 | U42: 6 | W42: 2 | X42: 2 | Y42: 3 | AA42: 2 | AB42: 2 | AC42: 3
B43: 9 | C43: 27~30 | D43: =COUNT(K46,O46,S46,W46,AA46) -> 4 | E43: =COUNT(L46,P46,T46,X46,AB46) -> 4 | F43: =COUNT(M46,Q46,U46,Y46,AC46) -> 4 | G43: =SUM(K46,O46,S46,W46,AA46) -> 13 | H43: =SUM(L46,P46,T46,X46,AB46) -> 13 | I43: =SUM(M46,Q46,U46,Y46,AC46) -> 16 | J43: 27 | N43: 28 | R43: 29 | V43: 30 | AM43: 지필평가기간 시간표 운영 27일: 7월 9일 목 7교시 28일: 7월 10일 금 1교시 29일: 7월 10일 금 2교시
K44: 1차지필 | O44: 1차지필 | S44: 1차지필
K46: 2 | L46: 2 | M46: 3 | O46: 2 | P46: 2 | Q46: 3 | S46: 2 | T46: 2 | U46: 3 | W46: 7 | X46: 7 | Y46: 7
A47: 5 | B47: 9 | C47: 1 | D47: =COUNT(K50,O50,S50,W50,AA50) -> 0 | E47: =COUNT(L50,P50,T50,X50,AB50) -> 0 | F47: =COUNT(M50,Q50,U50,Y50,AC50) -> 0 | G47: =SUM(K50,O50,S50,W50,AA50) -> 0 | H47: =SUM(L50,P50,T50,X50,AB50) -> 0 | I47: =SUM(M50,Q50,U50,Y50,AC50) -> 0 | Z47: 1
AA48: 노동절
B51: 10 | C51: 4~8 | D51: =COUNT(K54,O54,S54,W54,AA54) -> 3 | E51: =COUNT(L54,P54,T54,X54,AB54) -> 3 | F51: =COUNT(M54,Q54,U54,Y54,AC54) -> 3 | G51: =SUM(K54,O54,S54,W54,AA54) -> 19 | H51: =SUM(L54,P54,T54,X54,AB54) -> 19 | I51: =SUM(M54,Q54,U54,Y54,AC54) -> 19 | J51: 4 | N51: 5 | R51: 6 | V51: 7 | Z51: 8 | AA51: 체육한마당
K52: 재량휴업일 | O52: 어린이날
W53: 전국연합학력평가
S54: 6 | T54: 6 | U54: 6 | W54: 7 | X54: 7 | Y54: 7 | AA54: 6 | AB54: 6 | AC54: 6
B55: 11 | C55: 11~15 | D55: =COUNT(K58,O58,S58,W58,AA58) -> 5 | E55: =COUNT(L58,P58,T58,X58,AB58) -> 5 | F55: =COUNT(M58,Q58,U58,Y58,AC58) -> 5 | G55: =SUM(K58,O58,S58,W58,AA58) -> 32 | H55: =SUM(L58,P58,T58,X58,AB58) -> 32 | I55: =SUM(M58,Q58,U58,Y58,AC58) -> 32 | J55: 11 | N55: 12 | R55: 13 | V55: 14 | Z55: 15
K58: 6 | L58: 6 | M58: 6 | O58: 7 | P58: 7 | Q58: 7 | S58: 6 | T58: 6 | U58: 6 | W58: 7 | X58: 7 | Y58: 7 | AA58: 6 | AB58: 6 | AC58: 6
B59: 12 | C59: 18~22 | D59: =COUNT(K62,O62,S62,W62,AA62) -> 5 | E59: =COUNT(L62,P62,T62,X62,AB62) -> 5 | F59: =COUNT(M62,Q62,U62,Y62,AC62) -> 5 | G59: =SUM(K62,O62,S62,W62,AA62) -> 32 | H59: =SUM(L62,P62,T62,X62,AB62) -> 32 | I59: =SUM(M62,Q62,U62,Y62,AC62) -> 32 | J59: 18 | N59: 19 | R59: 20 | V59: 21 | Z59: 22 | AM59: *1,2,3학년 학부모 상담주간
K62: 6 | L62: 6 | M62: 6 | O62: 7 | P62: 7 | Q62: 7 | S62: 6 | T62: 6 | U62: 6 | W62: 7 | X62: 7 | Y62: 7 | AA62: 6 | AB62: 6 | AC62: 6
B63: 13 | C63: 25~29 | D63: =COUNT(K66,O66,S66,W66,AA66) -> 4 | E63: =COUNT(L66,P66,T66,X66,AB66) -> 4 | F63: =COUNT(M66,Q66,U66,Y66,AC66) -> 4 | G63: =SUM(K66,O66,S66,W66,AA66) -> 26 | H63: =SUM(L66,P66,T66,X66,AB66) -> 26 | I63: =SUM(M66,Q66,U66,Y66,AC66) -> 26 | J63: 25 | N63: 26 | R63: 27 | V63: 28 | Z63: 29
K64: 대체공휴일
O66: 7 | P66: 7 | Q66: 7 | S66: 6 | T66: 6 | U66: 6 | W66: 7 | X66: 7 | Y66: 7 | AA66: 6 | AB66: 6 | AC66: 6
A67: 6 | B67: 14 | C67: 1~5 | D67: =COUNT(K70,O70,S70,W70,AA70) -> 4 | E67: =COUNT(L70,P70,T70,X70,AB70) -> 4 | F67: =COUNT(M70,Q70,U70,Y70,AC70) -> 4 | G67: =SUM(K70,O70,S70,W70,AA70) -> 26 | H67: =SUM(L70,P70,T70,X70,AB70) -> 26 | I67: =SUM(M70,Q70,U70,Y70,AC70) -> 26 | J67: 1 | N67: 2 | R67: 3 | V67: 4 | W67: 전국연합학력평가 | Z67: 5
S68: 지방선거 | W68: 전국연합학력평가
W69: 대수능모의평가
K70: 6 | L70: 6 | M70: 6 | O70: 7 | P70: 7 | Q70: 7 | W70: 7 | X70: 7 | Y70: 7 | AA70: 6 | AB70: 6 | AC70: 6
B71: 15 | C71: 8~12 | D71: =COUNT(K74,O74,S74,W74,AA74) -> 5 | E71: =COUNT(L74,P74,T74,X74,AB74) -> 5 | F71: =COUNT(M74,Q74,U74,Y74,AC74) -> 5 | G71: =SUM(K74,O74,S74,W74,AA74) -> 32 | H71: =SUM(L74,P74,T74,X74,AB74) -> 32 | I71: =SUM(M74,Q74,U74,Y74,AC74) -> 32 | J71: 8 | N71: 9 | R71: 10 | V71: 11 | Z71: 12
K74: 6 | L74: 6 | M74: 6 | O74: 7 | P74: 7 | Q74: 7 | S74: 6 | T74: 6 | U74: 6 | W74: 7 | X74: 7 | Y74: 7 | AA74: 6 | AB74: 6 | AC74: 6
B75: 16 | C75: 15~19 | D75: =COUNT(K78,O78,S78,W78,AA78) -> 5 | E75: =COUNT(L78,P78,T78,X78,AB78) -> 5 | F75: =COUNT(M78,Q78,U78,Y78,AC78) -> 5 | G75: =SUM(K78,O78,S78,W78,AA78) -> 32 | H75: =SUM(L78,P78,T78,X78,AB78) -> 32 | I75: =SUM(M78,Q78,U78,Y78,AC78) -> 32 | J75: 15 | N75: 16 | R75: 17 | V75: 18 | Z75: 19
K78: 6 | L78: 6 | M78: 6 | O78: 7 | P78: 7 | Q78: 7 | S78: 6 | T78: 6 | U78: 6 | W78: 7 | X78: 7 | Y78: 7 | AA78: 6 | AB78: 6 | AC78: 6
B79: 17 | C79: 22~26 | D79: =COUNT(K82,O82,S82,W82,AA82) -> 5 | E79: =COUNT(L82,P82,T82,X82,AB82) -> 5 | F79: =COUNT(M82,Q82,U82,Y82,AC82) -> 5 | G79: =SUM(K82,O82,S82,W82,AA82) -> 32 | H79: =SUM(L82,P82,T82,X82,AB82) -> 32 | I79: =SUM(M82,Q82,U82,Y82,AC82) -> 32 | J79: 22 | N79: 23 | R79: 24 | V79: 25 | Z79: 26
K82: 6 | L82: 6 | M82: 6 | O82: 7 | P82: 7 | Q82: 7 | S82: 6 | T82: 6 | U82: 6 | W82: 7 | X82: 7 | Y82: 7 | AA82: 6 | AB82: 6 | AC82: 6
B83: 18 | C83: 29~30 | D83: =COUNT(K86,O86,S86,W86,AA86) -> 2 | E83: =COUNT(L86,P86,T86,X86,AB86) -> 2 | F83: =COUNT(M86,Q86,U86,Y86,AC86) -> 2 | G83: =SUM(K86,O86,S86,W86,AA86) -> 4 | H83: =SUM(L86,P86,T86,X86,AB86) -> 4 | I83: =SUM(M86,Q86,U86,Y86,AC86) -> 6 | J83: 29 | N83: 30 | AM83: 지필평가기간 시간표 운영 29일 : 7월 13일 월 5교시 30일 : 7월 13일 월 6교시
K84: 2차지필 | O84: 2차지필
K86: 2 | L86: 2 | M86: 3 | O86: 2 | P86: 2 | Q86: 3
A87: 7 | B87: 18 | C87: 1~3 | D87: =COUNT(K90,O90,S90,W90,AA90) -> 3 | E87: =COUNT(L90,P90,T90,X90,AB90) -> 3 | F87: =COUNT(M90,Q90,U90,Y90,AC90) -> 3 | G87: =SUM(K90,O90,S90,W90,AA90) -> 6 | H87: =SUM(L90,P90,T90,X90,AB90) -> 6 | I87: 4 | R87: 1 | V87: 2 | Z87: 3 | AM87: 지필평가기간 시간표 운영 1일 : 7월 14일 월 5교시 2일 : 7월14일 월 6교시 3일 : 7월15일 수 5교시
S88: 2차지필 | W88: 2차지필 | AA88: 2차지필
S90: 2 | T90: 2 | U90: 3 | W90: 2 | X90: 2 | Y90: 3 | AA90: 2 | AB90: 2 | AC90: 3
B91: 19 | C91: 6~10 | D91: =COUNT(K94,O94,S94,W94,AA94) -> 5 | E91: =COUNT(L94,P94,T94,X94,AB94) -> 5 | F91: =COUNT(M94,Q94,U94,Y94,AC94) -> 5 | G91: =SUM(K94,O94,S94,W94,AA94) -> 30 | H91: =SUM(L94,P94,T94,X94,AB94) -> 30 | I91: =SUM(M94,Q94,U94,Y94,AC94) -> 30 | J91: 6 | N91: 7 | R91: 8 | V91: 9 | Z91: 10 | AA91: 진로체험의날 | AM91: 시간표 변경 운영 8일:7교시(7월15일 수6교시) 10일:1-4교시 진로체험(창체) * 5,6교시(7월10일 금 3,4교시)
S93: 전국연합학력평가
K94: 6 | L94: 6 | M94: 6 | O94: 7 | P94: 7 | Q94: 7 | S94: 7 | T94: 7 | U94: 7 | W94: 4 | X94: 4 | Y94: 4 | AA94: 6 | AB94: 6 | AC94: 6
B95: 20 | C95: 13~17 | D95: =COUNT(K98,O98,S98,W98,AA98) -> 4 | E95: =COUNT(L98,P98,T98,X98,AB98) -> 4 | F95: =COUNT(M98,Q98,U98,Y98,AC98) -> 4 | G95: =SUM(K98,O98,S98,W98,AA98) -> 16 | H95: =SUM(L98,P98,T98,X98,AB98) -> 16 | I95: =SUM(M98,Q98,U98,Y98,AC98) -> 16 | J95: 13 | N95: 14 | R95: 15 | V95: 16 | Z95: 17 | AM95: 시간표 변경 운영(시수추가) 14일 : 월요일 시간표 16일 : 금요일 시간표 (5,6교시 창체없음)
AA96: 제헌절
K98: 4 | L98: 4 | M98: 4 | O98: 4 | P98: 4 | Q98: 4 | S98: 4 | T98: 4 | U98: 4 | W98: 4 | X98: 4 | Y98: 4
B99: 21 | C99: 20~24 | D99: =COUNT(K102,O102,S102,W102,AA102) -> 2 | E99: =COUNT(L102,P102,T102,X102,AB102) -> 2 | F99: =COUNT(M102,Q102,U102,Y102,AC102) -> 2 | G99: =SUM(K102,O102,S102,W102,AA102) -> 7 | H99: =SUM(L102,P102,T102,X102,AB102) -> 7 | I99: =SUM(M102,Q102,U102,Y102,AC102) -> 7 | J99: 20 | N99: 21 | O99: 방학식 | R99: 22 | V99: 23 | Z99: 24 | AM99: 시간표 변경 운영(노동절) 20일 : 금요일 시간표
K102: 6 | L102: 6 | M102: 6 | O102: 1 | P102: 1 | Q102: 1
A103: 1학기 계 | D103: =SUM(D7:D102) -> 95 | E103: =SUM(E7:E102) -> 95 | F103: =SUM(F7:F102) -> 95 | G103: =SUM(G7:G98) -> 541 | H103: =SUM(H7:H98) -> 541 | I103: =SUM(I7:I98) -> 546 | J103: =K14+K18+K22+K26+K34+K38+K42+K46+K58+K62+K66+K70+K74+K78+K82+K86+K94+K98+K90+K54+K50+K30+K10+K102 -> 98 | N103: =O10+O14+O18+O22+O30+O34+O38+O42+O46+O58+O62+O66+O74+O78+O82+O90+O94+O98+O86+O70+O54+O50+O26+O102 -> 121 | R103: =S10+S14+S18+S22+S30+S34+S38+S42+S46+S54+S58+S62+S66+S70+S74+S78+S82+S90+S94+S98+S86+S50+S26 -> 105 | V103: =SUM(W90,W78,W70,W66,W62,W58,W54,W50,W42,W38,W34,W22,W18,W14,W74,W10,,W82,W94,W98,W86,W46,W30,W26) -> 124 | Z103: =AA10+AA14+AA18+AA22+AA30+AA34+AA38+AA42+AA50+AA54+AA58+AA62+AA66+AA74+AA78+AA82+AA90+AA94+AA98+AA86+AA70+AA46+AA26 -> 100 | AE103: =SUM(AE7,AE11,AE15,AE23,AE27,AE31,AE35,AE39,AE43,AE47,AE51,AE55,AE59,AE63,AE67,AE71,AE75,AE83,AE87,AE91,#REF!) -> #REF! | AF103: =SUM(AF7,AF11,AF15,AF23,AF27,AF31,AF35,AF39,AF43,AF47,AF51,AF55,AF59,AF63,AF67,AF71,AF75,AF83,AF87,AF91,#REF!) -> #REF! | AG103: =SUM(AG7,AG11,AG15,AG23,AG27,AG31,AG35,AG39,AG43,AG47,AG51,AG55,AG59,AG63,AG67,AG71,AG75,AG83,AG87,AG91,#REF!) -> #REF! | AH103: =SUM(AH7,AH11,AH15,AH23,AH27,AH31,AH35,AH39,AH43,AH47,AH51,AH55,AH59,AH63,AH67,AH71,AH75,AH83,AH87,AH91,#REF!,) -> #REF! | AI103: =SUM(AI5,AI9,AI13,AI17,AI25,AI29,AI33,AI37,AI41,AI45,AI49,AI53,AI57,AI61,AI65,AI69,AI73,AI77,AI85,AI89,AI93) -> 0 | AJ103: =SUM(AJ7,AJ11,AJ15,AJ23,AJ27,AJ31,AJ35,AJ39,AJ43,AJ47,AJ51,AJ55,AJ59,AJ63,AJ67,AJ71,AJ75,AJ83,AJ87,AJ91,#REF!) -> #REF! | AK103: =SUM(AK7,AK11,AK15,AK23,AK27,AK31,AK35,AK39,AK43,AK47,AK51,AK55,AK59,AK63,AK67,AK71,AK75,AK83,AK87,AK91,#REF!) -> #REF! | AL103: =SUM(AL7,AL11,AL15,AL23,AL27,AL31,AL35,AL39,AL43,AL47,AL51,AL55,AL59,AL63,AL67,AL71,AL75,AL83,AL87,AL91,#REF!) -> #REF!
J104: =L14+L18+L22+L26+L34+L38+L42+L46+L58+L62+L66+L70+L74+L78+L82+L86+L94+L98+L90+L54+L50+L30+L10+L102 -> 98 | N104: =P10+P14+P18+P22+P30+P34+P38+P42+P46+P58+P62+P66+P74+P78+P82+P90+P94+P98+P86++P70+P54+P50+P26+P102 -> 121 | R104: =SUM(T94,T90,T78,T74,T70,T66,T62,T58,T54,T46,T42,T38,T34,T22,T18,T14,T30,T10,T82,T98,T86,T50,T26) -> 105 | V104: =SUM(X90,X94,X78,X74,X70,X66,X62,X58,X54,X50,X82,X42,X38,X34,X22,X18,X14,X10,X98,X86,X46,X30,X26) -> 124 | Z104: =SUM(AB98,AB94,AB90,AB82,AB78,AB74,AB66,AB62,AB58,AB54,AB50,AB42,AB38,AB34,AB22,AB18,AB14,AB30,AB10,AB86,AB70,AB46,AB26) -> 100 | AE104: =SUM(AE8,AE12,AE16,AE24,AE28,AE32,AE36,AE40,AE44,AE48,AE52,AE56,AE60,AE64,AE68,AE72,AE76,AE84,AE88,AE92,#REF!) -> #REF! | AF104: =SUM(AF8,AF12,AF16,AF24,AF28,AF32,AF36,AF40,AF44,AF48,AF52,AF56,AF60,AF64,AF68,AF72,AF76,AF84,AF88,AF92,#REF!) -> #REF! | AG104: =SUM(AG8,AG12,AG16,AG24,AG28,AG32,AG36,AG40,AG44,AG48,AG52,AG56,AG60,AG64,AG68,AG72,AG76,AG84,AG88,AG92,#REF!) -> #REF! | AH104: =SUM(AH8,AH12,AH16,AH24,AH28,AH32,AH36,AH40,AH44,AH48,AH52,AH56,AH60,AH64,AH68,AH72,AH76,AH84,AH88,AH92,#REF!,) -> #REF! | AI104: =AI17+AI29+AI37+AI49+AI61+AI93 -> 0 | AJ104: =SUM(AJ8,AJ12,AJ16,AJ24,AJ28,AJ32,AJ36,AJ40,AJ44,AJ48,AJ52,AJ56,AJ60,AJ64,AJ68,AJ72,AJ76,AJ84,AJ88,AJ92,#REF!) -> #REF! | AK104: =SUM(AK8,AK12,AK16,AK24,AK28,AK32,AK36,AK40,AK44,AK48,AK52,AK56,AK60,AK64,AK68,AK72,AK76,AK84,AK88,AK92,#REF!) -> #REF! | AL104: =SUM(AL8,AL12,AL16,AL24,AL28,AL32,AL36,AL40,AL44,AL48,AL52,AL56,AL60,AL64,AL68,AL72,AL76,AL84,AL88,AL92,#REF!) -> #REF!
J105: =M14+M18+M22+M26+M34+M38+M42+M46+M58+M62+M66+M70+M74+M78+M86+M98+M82+M94+M90+M54+M50+M30+M10+M102 -> 100 | N105: =Q10+Q14+Q18+Q22+Q30+Q34+Q38+Q42+Q46+Q58+Q62+Q66+Q74+Q78+Q82+Q90+Q94+Q98+Q86+Q70+Q54+Q50+Q26+Q102 -> 123 | R105: =SUM(U94,U90,U78,U74,U70,U66,U62,U58,U54,U46,U42,U38,U34,U22,U18,U14,U10,U30,U82,U98,U86,U50,U26) -> 107 | V105: =SUM(Y90,Y94,Y78,Y74,Y70,Y66,Y62,Y58,Y54,Y50,Y82,Y42,Y38,Y34,Y22,Y18,Y14,Y10,Y98,Y86,Y46,Y30,Y26) -> 126 | Z105: =SUM(AC98,AC94,AC90,AC82,AC78,AC74,AC66,AC62,AC58,AC54,AC50,AC42,AC38,AC34,AC22,AC18,AC14,AC10,AC30,AC86,AC70,AC46,AC26) -> 102 | AE105: =SUM(AE9,AE13,AE17,AE25,AE29,AE33,AE37,AE41,AE45,AE49,AE53,AE57,AE61,AE65,AE69,AE73,AE77,AE85,AE89,AE93,#REF!) -> #REF! | AF105: =SUM(AF9,AF13,AF17,AF25,AF29,AF33,AF37,AF41,AF45,AF49,AF53,AF57,AF61,AF65,AF69,AF73,AF77,AF85,AF89,AF93,#REF!) -> #REF! | AG105: =SUM(AG9,AG13,AG17,AG25,AG29,AG33,AG37,AG41,AG45,AG49,AG53,AG57,AG61,AG65,AG69,AG73,AG77,AG85,AG89,AG93,#REF!) -> #REF! | AH105: =SUM(AH9,AH13,AH17,AH25,AH29,AH33,AH37,AH41,AH45,AH49,AH53,AH57,AH61,AH65,AH69,AH73,AH77,AH85,AH89,AH93,#REF!,) -> #REF! | AI105: =SUM(AI7,AI11,AI15,AI23,AI27,AI31,AI35,AI39,AI43,AI47,AI51,AI55,AI59,AI63,AI67,AI71,AI75,AI83,AI87,AI91,#REF!) -> #REF! | AJ105: =SUM(AJ9,AJ13,AJ17,AJ25,AJ29,AJ33,AJ37,AJ41,AJ45,AJ49,AJ53,AJ57,AJ61,AJ65,AJ69,AJ73,AJ77,AJ85,AJ89,AJ93,#REF!) -> #REF! | AK105: =SUM(AK9,AK13,AK17,AK25,AK29,AK33,AK37,AK41,AK45,AK49,AK53,AK57,AK61,AK65,AK69,AK73,AK77,AK85,AK89,AK93,#REF!) -> #REF! | AL105: =SUM(AL9,AL13,AL17,AL25,AL29,AL33,AL37,AL41,AL45,AL49,AL53,AL57,AL61,AL65,AL69,AL73,AL77,AL85,AL89,AL93,#REF!) -> #REF!
A107: 요일별 수업주 | G107: 1학년 | J107: =COUNT(K10,K14,K18,K22,K26,K30,K34,K38,K42,K50,K54,K58,K62,K66,K70,K74,K78,K82,K90,K94,K98) -> 15 | N107: =COUNT(O10,O14,O18,O22,O26,O30,O34,O38,O42,O50,O54,O58,O62,O66,O70,O74,O78,O82,O90,O94,O98) -> 17 | R107: =COUNT(S10,S14,S18,S22,S26,S34,S38,S42,S54,S58,S62,S66,S70,S74,S78,S82,S86,S94,S98) -> 16 | V107: =COUNT(W10,W14,W18,W22,W26,W34,W38,W46,W50,W54,W58,W62,W66,W70,W74,W78,W82,W86,W94,W98) -> 17 | Z107: =COUNT(AA10,AA14,AA18,AA22,AA26,AA34,AA38,AA50,AA46,AA58,AA62,AA66,AA70,AA74,AA78,AA82,AA86,AA94) -> 14
H108: 2학년 | J108: =COUNT(L10,L14,L18,L22,L26,L30,L34,L38,L42,L50,L54,L58,L62,L66,L70,L74,L78,L82,L90,L94,L98) -> 15 | N108: =COUNT(P10,P14,P18,P22,P26,P30,P34,P38,P42,P50,P54,P58,P62,P66,P70,P74,P78,P82,P90,P94,P98) -> 17 | R108: =COUNT(T10,T14,T18,T22,T26,T30,T34,T38,T42,T50,T54,T58,T62,T66,T70,T74,T78,T82,T86,T94,T98) -> 17 | V108: =COUNT(X10,X14,X18,X22,X26,X30,X34,X38,X46,X50,X54,X58,X62,X66,X70,X74,X78,X82,X86,X94,X98) -> 18 | Z108: =COUNT(AB10,AB14,AB18,AB22,AB26,AB34,AB38,AB46,AB50,AB58,AB62,AB66,AB70,AB74,AB78,AB82,AB86,AB94) -> 14
I109: 3학년 | J109: =COUNT(M10,M14,M18,M22,M26,M30,M34,M38,M42,M50,M54,M58,M62,M66,M70,M74,M78,M82,M86,M90,M94,M98) -> 16 | N109: =COUNT(Q10,Q14,Q18,Q22,Q26,Q30,Q34,Q38,Q42,Q50,Q54,Q58,Q62,Q66,Q70,Q74,Q78,Q82,Q86,Q90,Q94,Q98) -> 18 | R109: =COUNT(U10,U14,U18,U22,U30,U34,U38,U42,U50,U54,U58,U62,U66,U70,U74,U78,U82,U86,U90,U94,U98) -> 18 | V109: =COUNT(Y10,Y14,Y18,Y22,Y26,Y30,Y34,Y38,Y46,Y50,Y54,Y58,Y62,Y66,Y70,Y74,Y78,Y82,Y86,Y90,Y94,Y98) -> 19 | Z109: =COUNT(AC10,AC14,AC18,AC22,AC26,AC30,AC34,AC38,AC46,AC50,AC58,AC62,AC66,AC70,AC74,AC78,AC82,AC86,AC90,AC94) -> 16

Sheet 2학기
A1: 2026학년도 2학기 학사일정
A2: 월 | B2: 주 | C2: 날짜 | D2: 수업일수 | G2: 수업시수 | J2: 행사 및 요일별 수업시수 | AE2: 창의적체험활동
D3: 1 학 년 | E3: 2 학 년 | F3: 3 학 년 | G3: 1 학 년 | H3: 2 학 년 | I3: 3 학 년 | J3: 월(6교시) | N3: 화(7교시) | R3: 수(6교시) | V3: 목(7교시) | Z3: 금(6교시) | AD3: 토요 | AE3: 자 율 | AI3: 동 아 리 | AJ3: 봉 사 | AK3: 진로 | AL3: 별도행사 | AM3: 비 고
AD4: 프로
J5: 날짜 | K5: 시수 | N5: 날짜 | O5: 시수 | R5: 날짜 | S5: 시수 | V5: 날짜 | W5: 시수 | Z5: 날짜 | AA5: 시수 | AD5: 그램 | AE5: 적응 | AF5: 자치 | AG5: 행사 | AH5: 창특
A6: 8 | B6: 1 | C6: 11~15 | D6: =COUNT(K9,O9,S9,W9,AA9) -> 0 | E6: =COUNT(L9,P9,T9,X9,AB9) -> 0 | F6: =COUNT(M9,Q9,U9,Y9,AC9) -> 0 | G6: =K9+O9+S9+W9+AA9 -> 0 | H6: =SUM(L9,P9,T9,X9,AB9) -> 0 | I6: =SUM(M9,Q9,U9,Y9,AC9) -> 0 | J6: 11 | N6: 12 | R6: 13 | V6: 14 | Z6: 15
AA7: 광복절
B10: 1 | C10: 17~21 | D10: =COUNT(K13,O13,S13,W13,AA13) -> 4 | E10: =COUNT(L13,P13,T13,X13,AB13) -> 4 | F10: =COUNT(M13,Q13,U13,Y13,AC13) -> 4 | G10: =SUM(K13,O13,S13,W13,AA13) -> 26 | H10: =SUM(L13,P13,T13,X13,AB13) -> 26 | I10: =SUM(M13,Q13,U13,Y13,AC13) -> 26 | J10: 17 | N10: 18 | O10: 개학 | R10: 19 | V10: 20 | Z10: 21
K11: 대체공휴일 | O11: 개학
O12: 개학
O13: 7 | P13: 7 | Q13: 7 | S13: 6 | T13: 6 | U13: 6 | W13: 7 | X13: 7 | Y13: 7 | AA13: 6 | AB13: 6 | AC13: 6
B14: 2 | C14: 24~28 | D14: =COUNT(K17,O17,S17,W17,AA17) -> 5 | E14: =COUNT(L17,P17,T17,X17,AB17) -> 5 | F14: =COUNT(M17,Q17,U17,Y17,AC17) -> 5 | G14: =SUM(K17,O17,S17,W17,AA17) -> 32 | H14: =SUM(L17,P17,T17,X17,AB17) -> 32 | I14: =SUM(M17,Q17,U17,Y17,AC17) -> 32 | J14: 24 | N14: 25 | R14: 26 | V14: 27 | Z14: 28
K17: 6 | L17: 6 | M17: 6 | O17: 7 | P17: 7 | Q17: 7 | S17: 6 | T17: 6 | U17: 6 | W17: 7 | X17: 7 | Y17: 7 | AA17: 6 | AB17: 6 | AC17: 6
B18: 3 | C18: 31 | D18: =COUNT(K21,O21,S21,W21,AA21) -> 1 | E18: =COUNT(L21,P21,T21,X21,AB21) -> 1 | F18: =COUNT(M21,Q21,U21,Y21,AC21) -> 1 | G18: =SUM(K21,O21,S21,W21,AA21) -> 6 | H18: =SUM(L21,P21,T21,X21,AB21) -> 6 | I18: =SUM(M21,Q21,U21,Y21,AC21) -> 6 | J18: 31 | AM18: *3학년 학부모 상담주간
K21: 6 | L21: 6 | M21: 6
A22: 9 | B22: 3 | C22: 1~4 | D22: =COUNT(K25,O25,S25,W25,AA25) -> 4 | E22: =COUNT(L25,P25,T25,X25,AB25) -> 4 | F22: =COUNT(M25,Q25,U25,Y25,AC25) -> 4 | G22: =SUM(K25,O25,S25,W25,AA25) -> 27 | H22: =SUM(L25,P25,T25,X25,AB25) -> 27 | I22: =SUM(M25,Q25,U25,Y25,AC25) -> 27 | N22: 1 | R22: 2 | S22: 전국연합학력평가 | V22: 3 | Z22: 4 | AM22: *3학년 학부모 상담주간 시간표 변경 운영 2일: 7교시(10월27일 화6교시)
S23: 전국연합학력평가
S24: 대수능모의평가
O25: 7 | P25: 7 | Q25: 7 | S25: 7 | T25: 7 | U25: 7 | W25: 7 | X25: 7 | Y25: 7 | AA25: 6 | AB25: 6 | AC25: 6
B26: 4 | C26: 7~11 | D26: =COUNT(K29,O29,S29,W29,AA29) -> 5 | E26: =COUNT(L29,P29,T29,X29,AB29) -> 5 | F26: =COUNT(M29,Q29,U29,Y29,AC29) -> 5 | G26: =SUM(K29,O29,S29,W29,AA29) -> 32 | H26: =SUM(L29,P29,T29,X29,AB29) -> 32 | I26: =SUM(M29,Q29,U29,Y29,AC29) -> 32 | J26: 7 | N26: 8 | R26: 9 | V26: 10 | Z26: 11
K29: 6 | L29: 6 | M29: 6 | O29: 7 | P29: 7 | Q29: 7 | S29: 6 | T29: 6 | U29: 6 | W29: 7 | X29: 7 | Y29: 7 | AA29: 6 | AB29: 6 | AC29: 6
B30: 5 | C30: 14~18 | D30: =COUNT(K33,O33,S33,W33,AA33) -> 5 | E30: =COUNT(L33,P33,T33,X33,AB33) -> 5 | F30: =COUNT(M33,Q33,U33,Y33,AC33) -> 5 | G30: =SUM(K33,O33,S33,W33,AA33) -> 32 | H30: =SUM(L33,P33,T33,X33,AB33) -> 32 | I30: =SUM(M33,Q33,U33,Y33,AC33) -> 32 | J30: 14 | N30: 15 | R30: 16 | V30: 17 | Z30: 18
K33: 6 | L33: 6 | M33: 6 | O33: 7 | P33: 7 | Q33: 7 | S33: 6 | T33: 6 | U33: 6 | W33: 7 | X33: 7 | Y33: 7 | AA33: 6 | AB33: 6 | AC33: 6
B34: 6 | C34: 21~25 | D34: =COUNT(K37,O37,S37,W37,AA37) -> 3 | E34: =COUNT(L37,P37,T37,X37,AB37) -> 3 | F34: =COUNT(M37,Q37,U37,Y37,AC37) -> 3 | G34: =SUM(K37,O37,S37,W37,AA37) -> 19 | H34: =SUM(L37,P37,T37,X37,AB37) -> 19 | I34: =SUM(M37,Q37,U37,Y37,AC37) -> 19 | J34: 21 | N34: 22 | R34: 23 | V34: 24 | Z34: 25
W35: 추석연휴 | AA35: 추석
K37: 6 | L37: 6 | M37: 6 | O37: 7 | P37: 7 | Q37: 7 | S37: 6 | T37: 6 | U37: 6
B38: 7 | C38: 28~30 | D38: =COUNT(K41,O41,S41,W41,AA41) -> 3 | E38: =COUNT(L41,P41,T41,X41,AB41) -> 3 | F38: =COUNT(M41,Q41,U41,Y41,AC41) -> 3 | G38: =SUM(K41,O41,S41,W41,AA41) -> 19 | H38: =SUM(L41,P41,T41,X41,AB41) -> 19 | I38: =SUM(M41,Q41,U41,Y41,AC41) -> 19 | J38: 28 | N38: 29 | R38: 30
K41: 6 | L41: 6 | M41: 6 | O41: 7 | P41: 7 | Q41: 7 | S41: 6 | T41: 6 | U41: 6
A42: 10 | B42: 7 | C42: 1~2 | D42: =COUNT(K45,O45,S45,W45,AA45) -> 2 | E42: =COUNT(L45,P45,T45,X45,AB45) -> 2 | F42: =COUNT(M45,Q45,U45,Y45,AC45) -> 2 | G42: =SUM(K45,O45,S45,W45,AA45) -> 13 | H42: =SUM(L45,P45,T45,X45,AB45) -> 13 | I42: =SUM(M45,Q45,U45,Y45,AC45) -> 13 | V42: 1 | Z42: 2
W45: 7 | X45: 7 | Y45: 7 | AA45: 6 | AB45: 6 | AC45: 6
B46: 8 | C46: 5~9 | D46: =COUNT(K49,O49,S49,W49,AA49) -> 3 | E46: =COUNT(L49,P49,T49,X49,AB49) -> 3 | F46: =COUNT(M49,Q49,U49,Y49,AC49) -> 3 | G46: =SUM(K49,O49,S49,W49,AA49) -> 20 | H46: =SUM(L49,P49,T49,X49,AB49) -> 20 | I46: =SUM(M49,Q49,U49,Y49,AC49) -> 20 | J46: 5 | N46: 6 | R46: 7 | V46: 8 | Z46: 9
K47: 대체공휴일 | AA47: 한글날
O49: 7 | P49: 7 | Q49: 7 | S49: 6 | T49: 6 | U49: 6 | W49: 7 | X49: 7 | Y49: 7
B50: 9 | C50: 12~16 | D50: =COUNT(K53,O53,S53,W53,AA53) -> 5 | E50: =COUNT(L53,P53,T53,X53,AB53) -> 5 | F50: =COUNT(M53,Q53,U53,Y53,AC53) -> 5 | G50: =SUM(K53,O53,S53,W53,AA53) -> 14 | H50: =SUM(L53,P53,T53,X53,AB53) -> 14 | I50: =SUM(M53,Q53,U53,Y53,AC53) -> 18 | J50: 12 | N50: 13 | R50: 14 | V50: 15 | Z50: 16 | AM50: 지필평가기간 시간표 운영 13일 : 12월29일 목요일 5교시 14일 : 12월29일 목요일 6교시 15일 : 12월29일 목요일 7교시 16일 : 2월3일 수요일 5교시
O51: 1차지필 | S51: 1차지필 | W51: 1차지필 | AA51: 1차지필
K53: 6 | L53: 6 | M53: 6 | O53: 2 | P53: 2 | Q53: 3 | S53: 2 | T53: 2 | U53: 3 | W53: 2 | X53: 2 | Y53: 3 | AA53: 2 | AB53: 2 | AC53: 3
B54: 10 | C54: 19~23 | D54: =COUNT(K57,O57,S53,W57,AA57) -> 5 | E54: =COUNT(L57,P57,T53,X57,AB57) -> 5 | F54: =COUNT(M57,Q57,U53,Y57,AC57) -> 5 | G54: =K57+O57+S57+W57+AA57 -> 32 | H54: =L57+P57+T57+X57+AB57 -> 32 | I54: =M57+Q57+U57+Y57+AC57 -> 32 | J54: 19 | N54: 20 | O54: 전국연합학력평가 | R54: 21 | V54: 22 | Z54: 23 | AM54: *1,2학년 학부모 상담주간
O55: 전국연합학력평가
O56: 전국연합학력평가
K57: 6 | L57: 6 | M57: 6 | O57: 7 | P57: 7 | Q57: 7 | S57: 6 | T57: 6 | U57: 6 | W57: 7 | X57: 7 | Y57: 7 | AA57: 6 | AB57: 6 | AC57: 6
B58: 11 | C58: 26~30 | D58: =COUNT(K61,O61,S57,W61,AA61) -> 5 | E58: =COUNT(L61,P61,T57,X61,AB61) -> 5 | F58: =COUNT(M61,Q61,U57,Y61,AC61) -> 5 | G58: =K61+O61+S61+W61+AA61 -> 30 | H58: =L61+P61+T61+X61+AB61 -> 30 | I58: =M61+Q61+U61+Y61+AC61 -> 30 | J58: 26 | N58: 27 | O58: 신입생 학교설명회 | R58: 28 | V58: 29 | Z58: 30
K61: 6 | L61: 6 | M61: 6 | O61: 5 | P61: 5 | Q61: 5 | S61: 6 | T61: 6 | U61: 6 | W61: 7 | X61: 7 | Y61: 7 | AA61: 6 | AB61: 6 | AC61: 6
A62: 11 | B62: 12 | C62: 2~6 | D62: =COUNT(K65,O65,S61,W65,AA65) -> 5 | E62: =COUNT(L65,P65,T61,X65,AB65) -> 5 | F62: =COUNT(M65,Q65,U61,Y65,AC65) -> 5 | G62: =SUM(K65,O65,S65,W65,AA65) -> 32 | H62: =SUM(L65,P65,T65,X65,AB65) -> 32 | I62: =SUM(M65,Q65,U65,Y65,AC65) -> 32 | J62: 2 | N62: 3 | R62: 4 | V62: 5 | Z62: 6
K65: 6 | L65: 6 | M65: 6 | O65: 7 | P65: 7 | Q65: 7 | S65: 6 | T65: 6 | U65: 6 | W65: 7 | X65: 7 | Y65: 7 | AA65: 6 | AB65: 6 | AC65: 6
B66: 13 | C66: 9~13 | D66: =COUNT(K69,O69,S69,W69,AA69) -> 5 | E66: =COUNT(L69,P69,T69,X69,AB69) -> 5 | F66: =COUNT(M69,Q69,U69,Y69,AC69) -> 5 | G66: =SUM(K69,O69,S69,W69,AA69) -> 32 | H66: =SUM(L69,P69,T69,X69,AB69) -> 32 | I66: =SUM(M69,Q69,U69,Y69,AC69) -> 32 | J66: 9 | N66: 10 | R66: 11 | V66: 12 | Z66: 13 | AM66: 시간표 변경 운영 13일:5교시(11월17일화7교시) * 6교시 대청소(봉사)
K69: 6 | L69: 6 | M69: 6 | O69: 7 | P69: 7 | Q69: 7 | S69: 6 | T69: 6 | U69: 6 | W69: 7 | X69: 7 | Y69: 7 | AA69: 6 | AB69: 6 | AC69: 6
B70: 14 | C70: 16~20 | D70: =COUNT(K73,O73,S73,W73,AA73) -> 4 | E70: =COUNT(L73,P73,T73,X73,AB73) -> 4 | F70: =COUNT(M73,Q73,U73,Y73,AC73) -> 4 | G70: =SUM(K73,O73,S73,W73,AA73) -> 18 | H70: =SUM(L73,P73,T73,X73,AB73) -> 18 | I70: =SUM(M73,Q73,U73,Y73,AC73) -> 18 | J70: 16 | N70: 17 | R70: 18 | S70: 수능종사요원연수 | V70: 19 | Z70: 20 | AM70: 시간표 변경 운영 17일:7교시(11월13일금5교시) 대청소(봉사)
W71: 대학수능
W72: (재량휴업)
K73: 6 | L73: 6 | M73: 6 | O73: 7 | P73: 7 | Q73: 7 | S73: 1 | T73: 1 | U73: 1 | AA73: 4 | AB73: 4 | AC73: 4
B74: 15 | C74: 23~27 | D74: =COUNT(K77,O77,S77,W77,AA77) -> 5 | E74: =COUNT(L77,P77,T77,X77,AB77) -> 5 | F74: =COUNT(M77,Q77,U77,Y77,AC77) -> 5 | G74: =SUM(K77,O77,S77,W77,AA77) -> 32 | H74: =SUM(L77,P77,T77,X77,AB77) -> 32 | I74: =SUM(M77,Q77,U77,Y77,AC77) -> 30 | J74: 23 | N74: 24 | R74: 25 | V74: 26 | Z74: 27 | AM74: 27일 : 3학년 현장체험학습
K77: 6 | L77: 6 | M77: 6 | O77: 7 | P77: 7 | Q77: 7 | S77: 6 | T77: 6 | U77: 6 | W77: 7 | X77: 7 | Y77: 7 | AA77: 6 | AB77: 6 | AC77: 4
B78: 16 | C78: 30 | D78: =COUNT(K81,O81,S81,W81,AA81) -> 1 | E78: =COUNT(L81,P81,T81,X81,AB81) -> 1 | F78: =COUNT(M81,Q81,U81,Y81,AC81) -> 1 | G78: =SUM(K81,O81,S81,W81,AA81) -> 6 | H78: =SUM(L81,P81,T81,X81,AB81) -> 6 | I78: =SUM(M81,Q81,U81,Y81,AC81) -> 6 | J78: 30
K81: 6 | L81: 6 | M81: 6
B82: 16 | C82: 1~4 | D82: =COUNT(K85,O85,S85,W85,AA85) -> 4 | E82: =COUNT(L85,P85,T85,X85,AB85) -> 4 | F82: =COUNT(M85,Q85,U85,Y85,AC85) -> 4 | G82: =SUM(K85,O85,S85,W85,AA85) -> 26 | H82: =SUM(L85,P85,T85,X85,AB85) -> 26 | I82: =SUM(M85,Q85,U85,Y85,AC85) -> 24 | N82: 1 | R82: 2 | V82: 3 | Z82: 4 | AM82: 2일 : 3학년 현장체험학습 4일 : 3학년 수능점수표배부
O85: 7 | P85: 7 | Q85: 7 | S85: 6 | T85: 6 | U85: 4 | W85: 7 | X85: 7 | Y85: 7 | AA85: 6 | AB85: 6 | AC85: 6
B86: 17 | C86: 7~11 | D86: =COUNT(K89,O89,S89,W89,AA89) -> 5 | E86: =COUNT(L89,P89,T89,X89,AB89) -> 5 | F86: =COUNT(M89,Q89,U89,Y89,AC89) -> 5 | G86: =SUM(K89,O89,S89,W89,AA89) -> 10 | H86: =SUM(L89,P89,T89,X89,AB89) -> 10 | I86: =SUM(M89,Q89,U89,Y89,AC89) -> 14 | J86: 7 | N86: 8 | R86: 9 | V86: 10 | Z86: 11 | AM86: 지필평가기간 시간표 운영 7일 :10월27일 화 7교시
K87: 2차지필 | O87: 2차지필 | S87: 2차지필 | W87: 2차지필 | AA87: 2차지필
K89: 2 | L89: 2 | M89: 2 | O89: 2 | P89: 2 | Q89: 2 | S89: 2 | T89: 2 | U89: 2 | W89: 2 | X89: 2 | Y89: 4 | AA89: 2 | AB89: 2 | AC89: 4
A90: 12 | B90: 18 | C90: 14~18 | D90: =COUNT(K93,O93,S93,W93,AA93) -> 5 | E90: =COUNT(L93,P93,T93,X93,AB93) -> 5 | F90: =COUNT(M93,Q93,U93,Y93,AC93) -> 5 | G90: =SUM(K93,O93,S93,W93,AA93) -> 32 | H90: =SUM(L93,P93,T93,X93,AB93) -> 32 | I90: =SUM(M93,Q93,U93,Y93,AC93) -> 32 | J90: 14 | N90: 15 | R90: 16 | V90: 17 | Z90: 18
K93: 6 | L93: 6 | M93: 6 | O93: 7 | P93: 7 | Q93: 7 | S93: 6 | T93: 6 | U93: 6 | W93: 7 | X93: 7 | Y93: 7 | AA93: 6 | AB93: 6 | AC93: 6
B94: 19 | C94: 21~25 | D94: =COUNT(K97,O97,S97,W97,AA97) -> 4 | E94: =COUNT(L97,P97,T97,X97,AB97) -> 4 | F94: =COUNT(M97,Q97,U97,Y97,AC97) -> 4 | G94: =SUM(K97,O97,S97,W97,AA97) -> 27 | H94: =SUM(L97,P97,T97,X97,AB97) -> 27 | I94: =SUM(M97,Q97,U97,Y97,AC97) -> 27 | J94: 21 | N94: 22 | R94: 23 | S94: 동아리발표회/축제 | V94: 24 | Z94: 25 | AM94: 시간표 변경 운영(시수추가) 22일 : 1-4교시 금요일 시간표 (6,7교시 동아리활동) 시간표 변경 운영 22일 : 5교시(2월3일 수6교시)
AA95: 성탄절
K97: 6 | L97: 6 | M97: 6 | O97: 7 | P97: 7 | Q97: 7 | S97: 7 | T97: 7 | U97: 7 | W97: 7 | X97: 7 | Y97: 7
B98: 20 | C98: 28~31 1 | D98: =COUNT(K101,O101,S101,W101,AA101) -> 3 | E98: =COUNT(L101,P101,T101,X101,AB101) -> 3 | F98: =COUNT(M101,Q101,U101,Y101,AC101) -> 3 | G98: =SUM(K101,O101,S101,W101,AA101) -> 11 | H98: =SUM(L101,P101,T101,X101,AB101) -> 11 | I98: =SUM(M101,Q101,U101,Y101,AC101) -> 11 | J98: 28 | N98: 29 | R98: 30 | V98: 31 | Z98: 1 | AM98: 시간표 변경 운영(시수추가) 29일: 목요일 시간표
S99: 방학식 | AA99: 신정
K101: 6 | L101: 6 | M101: 6 | O101: 4 | P101: 4 | Q101: 4 | S101: 1 | T101: 1 | U101: 1
A102: 2 | B102: 21 | C102: 1~5 | D102: =COUNT(K105,O105,S105,W105,AA105) -> 4 | E102: =COUNT(L105,P105,T105,X105,AB105) -> 4 | F102: =COUNT(M105,Q105,U105,Y105,AC105) -> 4 | G102: =SUM(K105,O105,S105,W105,AA105) -> 13 | H102: =SUM(L105,P105,T105,X105,AB105) -> 13 | I102: =SUM(M105,Q105,U105,Y105,AC105) -> 15 | J102: 1 | N102: 2 | R102: 3 | V102: 4 | W102: 종업식 | Z102: 5 | AM102: 시간표 변경 운영(시수추가) 1일 : 금요일 시간표 (5,6교시 창체 없음) 2일: 화요일 시수 여유있음
K103: 개학 | W103: 종업식
W104: 졸업식
K105: 4 | L105: 4 | M105: 4 | O105: 4 | P105: 4 | Q105: 4 | S105: 4 | T105: 4 | U105: 4 | W105: 1 | X105: 1 | Y105: 3
A106: 2학기 계 | D106: =SUM(D6:D105) -> 95 | E106: =SUM(E6:E105) -> 95 | F106: =SUM(F10:F105) -> 95 | G106: =SUM(G10:G105) -> 541 | H106: =SUM(H10:H105) -> 541 | I106: =SUM(I10:I105) -> 547 | J106: =K13+K21+K25+K29+K33+K37+K41++K53+K57+K61+K65+K69+K73+K81+K85+K89+K93+K97+K101+K105+K77+K49+K45+K17 -> 108 | N106: =O13+O21+O25+O29+O33+O37+O41++O53+O57+O61+O65+O69+O73+O81+O85+O89+O93+O97+O101+O105+O77+O49+O45+O17 -> 129 | R106: =S13+S21+S25+S29+S33+S37+S41++S53+S57+S61+S65+S69+S73+S81+S89+S93+S97+S101+S105+AA97+S85+S77+S49+S45+S17 -> 108 | V106: =W13+W21+W25+W29+W33+W37+W45++W53+W57+W61+W65+W73+W81+W89+W93+W85+W105+W101+W97+W77+W69+W49+W41+W17 -> 110 | Z106: =AA13+AA21+AA25+AA29+AA33+AA37+AA53+AA57+AA61+AA65+AA69+AA73+AA81+AA85+AA89+AA93+AA105+AA101+AA97+AA77+AA49+AA45+AA41+AA17 -> 86
J107: =L13+L21+L25+L29+L33+L37+L41+L53+L57+L61+L65+L69+L73+L81+L85+L89+L93+L97+L101+L105+L77+L49+L45+L17 -> 108 | N107: =P13+P21+P25+P29+P33+P37+P41+P53+P57+P61+P65+P69+P73+P81+P85+P89+P93+P97+P101+P105+P77+P49+P45+P17 -> 129 | R107: =T13+T21+T25+T29+T33+T37+T45+T53+T57+T61+T65+T69+T73+T81+T85+T89+T93+T97+T101+T105+AB97+T77+T49+T41+T17 -> 108 | V107: =X13+X21+X25+X29+X33+X37+X53+X57+X61+X65+X45+X73+X81+X85+X89+X93+X105+X101+X97+X77+X69+X49+X41+X17 -> 110 | Z107: =AB13+AB21+AB25+AB29+AB33+AB37+AB53+AB57+AB61+AB65+AB69+AB73+AB81+AB85+AB89+AB93+AB105+AB101+AB97+AB77+AB49+AB45+AB41+AB17 -> 86
J108: =M13+M21+M25+M29+M33+M37+M41+M53+M57+M61+M65+M69+M73+M81+M85+M89+M93+M97+M101+M105+M77+M49+M45+M17 -> 108 | N108: =Q13+Q21+Q25+Q29+Q33+Q37+Q41+Q53+Q57+Q61+Q65+Q69+Q73+Q81+Q85+Q89+Q93+Q97+Q101+Q105+Q77+Q49+Q45+Q17 -> 130 | R108: =U13+U21+U25+U29+U33+U37+U45+U53+U57+U61+U65+U69+U73+U81+U85+U89+U93+U97+U101+U105+AC97+U77+U49+U41+U17 -> 107 | V108: =Y13+Y21+Y25+Y29+Y33+Y37+Y53+Y57+Y61+Y65+Y45+Y73+Y81+Y85+Y89+Y93+Y105+Y101+Y97+Y77+Y69+Y49+Y41+Y17 -> 115 | Z108: =AC13+AC21+AC25+AC29+AC33+AC37+AC53+AC57+AC61+AC65+AC69+AC73+AC81+AC85+AC89+AC93+AC105+AC101+AC97+AC77+AC49+AC45+AC41+AC17 -> 87
A109: 학 년 계 | D109: =SUM(D106,'1학기'!D103:D105) -> 190 | E109: =SUM(E106,'1학기'!E103:E105) -> 190 | F109: =SUM(F106,'1학기'!F103:F105) -> 190 | G109: =SUM(G106,'1학기'!G103:G105) -> 1082 | H109: =SUM(H106,'1학기'!H103:H105) -> 1082 | I109: =SUM(I106,'1학기'!I103:I105) -> 1093 | J109: =J106+'1학기'!J103:M103 -> 206 | N109: =N106+'1학기'!N103:Q103 -> 250 | R109: =R106+'1학기'!R103:U103 -> 213 | V109: =V106+'1학기'!V103:Y103 -> 234 | Z109: =Z106+'1학기'!Z103:AC103 -> 186
J110: =J107+'1학기'!J104:M104 -> 206 | N110: =N107+'1학기'!N104:Q104 -> 250 | R110: =R107+'1학기'!R104:U104 -> 213 | V110: =V107+'1학기'!V104:Y104 -> 234 | Z110: =Z107+'1학기'!Z104:AC104 -> 186
J111: =J108+'1학기'!J105:M105 -> 208 | N111: =N108+'1학기'!N105:Q105 -> 253 | R111: =R108+'1학기'!R105:U105 -> 214 | V111: =V108+'1학기'!V105:Y105 -> 241 | Z111: =Z108+'1학기'!Z105:AC105 -> 189
A113: 요일별 수업주 | G113: 1학년 | J113: =COUNT(K13,K17,K21,K29,K33,K37,K45,K49,K41,K57,K61,K65,K69,K73,K77,K81,K85,K93,K97,K101,K105) -> 17 | N113: =COUNT(O13,O17,O21,O25,O29,O33,O37,O41,O49,O57,O61,O65,O69,O73,O77,O81,O85,O93,O97,O101,O105) -> 19 | R113: =COUNT(S13,S17,S21,S25,S29,S33,S37,S41,S45,S49,S57,S61,S65,S69,S77,S85,S93,S105) -> 16 | V113: =COUNT(W13,W17,W21,W25,W29,W33,W41,W49,W45,W57,W61,W65,W69,W77,W81,W85,W93,W97,W101) -> 15 | Z113: =COUNT(AA13,AA17,AA21,AA25,AA29,AA33,AA41,AA37,AA49,AA53,AA45,AA61,AA65,AA69,AA73,AA77,AA81,AA85,AA93,AA97,AA101) -> 14
H114: 2학년 | J114: =COUNT(L13,L17,L21,L25,L29,L33,L37,L41,L49,L57,L61,L65,L69,L73,L77,L81,L85,L93,L97,L101,L105) -> 17 | N114: =COUNT(P13,P17,P21,P25,P29,P33,P37,P41,P49,P57,P61,P65,P69,P73,P77,P81,P85,P93,P97,P101,P105) -> 19 | R114: =COUNT(T13,T17,T25,T29,T33,T37,T41,T45,T49,T57,T61,T65,T69,T77,T81,T85,T93,T105) -> 16 | V114: =COUNT(X13,X17,X21,X25,X29,X33,X41,X49,X45,X57,X61,X65,X69,X77,X81,X85,X93,X97) -> 15 | Z114: =COUNT(AB13,AB17,AB21,AB25,AB29,AB33,AB37,AB41,AB49,AB45,AB57,AB61,AB65,AB69,AB73,AB77,AB81,AB85,AB93,AB97,AB101,AB105) -> 14
I115: 3학년 | J115: =COUNT(M13,M17,M21,M25,M29,M33,M37,M41,M49,M57,M61,M65,M69,M73,M77,M81,M85,M93,M97,M101,M105,M89) -> 18 | N115: =COUNT(Q13,Q17,Q21,Q25,Q29,Q33,Q37,Q41,Q49,Q57,Q61,Q65,Q69,Q73,Q77,Q81,Q85,Q93,Q97,Q101,Q105,Q89) -> 20 | R115: =COUNT(U13,U17,U25,U29,U33,U37,U45,U49,U41,U57,U61,U65,U69,U77,U81,U85,U93,U105,U89) -> 17 | V115: =COUNT(Y13,Y17,Y21,Y25,Y29,Y33,Y41,Y45,Y49,Y57,Y61,Y65,Y69,Y77,Y81,Y85,Y89,Y93,Y97) -> 16 | Z115: =COUNT(AC13,AC17,AC21,AC25,AC29,AC33,AC37,AC41,AC49,AC45,AC57,AC61,AC65,AC69,AC73,AC77,AC81,AC89,AC93,AC85,AC97) -> 15

Sheet Sheet1

Sheet Sheet2
